{
    "micro": {
        "f1": 0.08517587536575366,
        "roc-auc": 0.8520127038056469
    },
    "customer-1": {
        "f1": 0.12710861634826587,
        "roc-auc": 0.10331656961575031
    },
    "customer-2": {
        "f1": 0.7575533290771367,
        "roc-auc": 0.7609247703346116
    }
}