{
    "micro": {
        "f1": 0.49745260286255366,
        "roc-auc": 0.5222208253316971
    },
    "customer-1": {
        "f1": 0.12893401141324046,
        "roc-auc": 0.42061539792686053
    },
    "customer-2": {
        "f1": 0.3759829678695755,
        "roc-auc": 0.6588546792391461
    }
}