{
    "micro": {
        "f1": 0.4489483391959036,
        "roc-auc": 0.8088980635845677
    },
    "customer-1": {
        "f1": 0.18532811016666328,
        "roc-auc": 0.2817741452578756
    },
    "customer-2": {
        "f1": 0.8238397508063567,
        "roc-auc": 0.8559184087467313
    }
}