{"f1": 0.49745260286255366, "roc-auc": 0.5222208253316971}