{"f1": 0.3759829678695755, "roc-auc": 0.6588546792391461}