{"f1": 0.18532811016666328, "roc-auc": 0.2817741452578756}