{"f1": 0.8238397508063567, "roc-auc": 0.8559184087467313}