{"f1": 0.7575533290771367, "roc-auc": 0.7609247703346116}