{"f1": 0.4489483391959036, "roc-auc": 0.8088980635845677}