{"f1": 0.12710861634826587, "roc-auc": 0.10331656961575031}