{"f1": 0.08517587536575366, "roc-auc": 0.8520127038056469}