{"f1": 0.12893401141324046, "roc-auc": 0.42061539792686053}